<?xml version="1.0" encoding="UTF-8"?>
<export version="E">
  <design>
    <source>C:\Users\Alex\Ausbildung\Litos_Code\Kicad\LITOS_v3.kicad_sch</source>
    <date>06.03.2022 21:48:46</date>
    <tool>Eeschema (6.0.2)</tool>
    <sheet number="1" name="/" tstamps="/">
      <title_block>
        <title>LITOS</title>
        <company/>
        <rev>4</rev>
        <date>2022-02-06</date>
        <source>LITOS_v3.kicad_sch</source>
        <comment number="1" value=""/>
        <comment number="2" value=""/>
        <comment number="3" value=""/>
        <comment number="4" value=""/>
        <comment number="5" value=""/>
        <comment number="6" value=""/>
        <comment number="7" value=""/>
        <comment number="8" value=""/>
        <comment number="9" value=""/>
      </title_block>
    </sheet>
  </design>
  <components>
    <comp ref="BZ1">
      <value>Buzzer</value>
      <footprint>LCSC:GMC1209YB-25R2048</footprint>
      <libsource lib="Device" part="Buzzer" description="Buzzer, polarized"/>
      <property name="Sheetname" value=""/>
      <property name="Sheetfile" value="LITOS_v3.kicad_sch"/>
      <sheetpath names="/" tstamps="/"/>
      <tstamps>00000000-0000-0000-0000-00005e701a19</tstamps>
    </comp>
    <comp ref="C2">
      <value>10nF</value>
      <footprint>Capacitor_SMD:C_0603_1608Metric_Pad1.05x0.95mm_HandSolder</footprint>
      <libsource lib="Device" part="C" description="Unpolarized capacitor"/>
      <property name="Sheetname" value=""/>
      <property name="Sheetfile" value="LITOS_v3.kicad_sch"/>
      <sheetpath names="/" tstamps="/"/>
      <tstamps>00000000-0000-0000-0000-00005e68c7f4</tstamps>
    </comp>
    <comp ref="C3">
      <value>22uF/10V</value>
      <footprint>Capacitor_SMD:C_0603_1608Metric_Pad1.05x0.95mm_HandSolder</footprint>
      <libsource lib="Device" part="C" description="Unpolarized capacitor"/>
      <property name="Sheetname" value=""/>
      <property name="Sheetfile" value="LITOS_v3.kicad_sch"/>
      <sheetpath names="/" tstamps="/"/>
      <tstamps>00000000-0000-0000-0000-00005e63e9dd</tstamps>
    </comp>
    <comp ref="C4">
      <value>0.1uF</value>
      <footprint>Capacitor_SMD:C_0603_1608Metric_Pad1.05x0.95mm_HandSolder</footprint>
      <libsource lib="Device" part="C" description="Unpolarized capacitor"/>
      <property name="Sheetname" value=""/>
      <property name="Sheetfile" value="LITOS_v3.kicad_sch"/>
      <sheetpath names="/" tstamps="/"/>
      <tstamps>00000000-0000-0000-0000-00005e67269c</tstamps>
    </comp>
    <comp ref="C6">
      <value>0.1uF</value>
      <footprint>Capacitor_SMD:C_0603_1608Metric_Pad1.05x0.95mm_HandSolder</footprint>
      <libsource lib="Device" part="C" description="Unpolarized capacitor"/>
      <property name="Sheetname" value=""/>
      <property name="Sheetfile" value="LITOS_v3.kicad_sch"/>
      <sheetpath names="/" tstamps="/"/>
      <tstamps>00000000-0000-0000-0000-00005e66fbe8</tstamps>
    </comp>
    <comp ref="C8">
      <value>10nF</value>
      <footprint>Capacitor_SMD:C_0603_1608Metric_Pad1.05x0.95mm_HandSolder</footprint>
      <libsource lib="Device" part="C" description="Unpolarized capacitor"/>
      <property name="Sheetname" value=""/>
      <property name="Sheetfile" value="LITOS_v3.kicad_sch"/>
      <sheetpath names="/" tstamps="/"/>
      <tstamps>00000000-0000-0000-0000-00005e716088</tstamps>
    </comp>
    <comp ref="C9">
      <value>0.1uF/50V</value>
      <footprint>Capacitor_SMD:C_0603_1608Metric_Pad1.05x0.95mm_HandSolder</footprint>
      <libsource lib="Device" part="C" description="Unpolarized capacitor"/>
      <property name="Sheetname" value=""/>
      <property name="Sheetfile" value="LITOS_v3.kicad_sch"/>
      <sheetpath names="/" tstamps="/"/>
      <tstamps>00000000-0000-0000-0000-00005e6745d7</tstamps>
    </comp>
    <comp ref="C10">
      <value>4.7uF</value>
      <footprint>Capacitor_SMD:C_0603_1608Metric_Pad1.05x0.95mm_HandSolder</footprint>
      <libsource lib="Device" part="C" description="Unpolarized capacitor"/>
      <property name="Sheetname" value=""/>
      <property name="Sheetfile" value="LITOS_v3.kicad_sch"/>
      <sheetpath names="/" tstamps="/"/>
      <tstamps>00000000-0000-0000-0000-00005e672b6d</tstamps>
    </comp>
    <comp ref="C12">
      <value>10nF</value>
      <footprint>Capacitor_SMD:C_0603_1608Metric_Pad1.05x0.95mm_HandSolder</footprint>
      <libsource lib="Device" part="C" description="Unpolarized capacitor"/>
      <property name="Sheetname" value=""/>
      <property name="Sheetfile" value="LITOS_v3.kicad_sch"/>
      <sheetpath names="/" tstamps="/"/>
      <tstamps>00000000-0000-0000-0000-00005e781af7</tstamps>
    </comp>
    <comp ref="C13">
      <value>10nF</value>
      <footprint>Capacitor_SMD:C_0603_1608Metric_Pad1.05x0.95mm_HandSolder</footprint>
      <libsource lib="Device" part="C" description="Unpolarized capacitor"/>
      <property name="Sheetname" value=""/>
      <property name="Sheetfile" value="LITOS_v3.kicad_sch"/>
      <sheetpath names="/" tstamps="/"/>
      <tstamps>00000000-0000-0000-0000-00005e781b28</tstamps>
    </comp>
    <comp ref="C14">
      <value>0.1uF/50V</value>
      <footprint>Capacitor_SMD:C_0603_1608Metric_Pad1.05x0.95mm_HandSolder</footprint>
      <libsource lib="Device" part="C" description="Unpolarized capacitor"/>
      <property name="Sheetname" value=""/>
      <property name="Sheetfile" value="LITOS_v3.kicad_sch"/>
      <sheetpath names="/" tstamps="/"/>
      <tstamps>00000000-0000-0000-0000-00005e62a775</tstamps>
    </comp>
    <comp ref="C16">
      <value>0.1uF</value>
      <footprint>Capacitor_SMD:C_0603_1608Metric_Pad1.05x0.95mm_HandSolder</footprint>
      <libsource lib="Device" part="C" description="Unpolarized capacitor"/>
      <property name="Sheetname" value=""/>
      <property name="Sheetfile" value="LITOS_v3.kicad_sch"/>
      <sheetpath names="/" tstamps="/"/>
      <tstamps>00000000-0000-0000-0000-00005e9eeb5f</tstamps>
    </comp>
    <comp ref="C21">
      <value>22uF/10V</value>
      <footprint>Capacitor_SMD:C_0603_1608Metric_Pad1.05x0.95mm_HandSolder</footprint>
      <libsource lib="Device" part="C" description="Unpolarized capacitor"/>
      <property name="Sheetname" value=""/>
      <property name="Sheetfile" value="LITOS_v3.kicad_sch"/>
      <sheetpath names="/" tstamps="/"/>
      <tstamps>00000000-0000-0000-0000-00005e645c15</tstamps>
    </comp>
    <comp ref="C22">
      <value>0.1uF/50V</value>
      <footprint>Capacitor_SMD:C_0603_1608Metric_Pad1.05x0.95mm_HandSolder</footprint>
      <libsource lib="Device" part="C" description="Unpolarized capacitor"/>
      <property name="Sheetname" value=""/>
      <property name="Sheetfile" value="LITOS_v3.kicad_sch"/>
      <sheetpath names="/" tstamps="/"/>
      <tstamps>00000000-0000-0000-0000-00005e64571d</tstamps>
    </comp>
    <comp ref="J1">
      <value>Barrel_Jack_MountingPin</value>
      <footprint>LCSC:DC-005-5A-2.0</footprint>
      <libsource lib="Connector" part="Barrel_Jack_MountingPin" description="DC Barrel Jack with a mounting pin"/>
      <property name="Sheetname" value=""/>
      <property name="Sheetfile" value="LITOS_v3.kicad_sch"/>
      <sheetpath names="/" tstamps="/"/>
      <tstamps>00000000-0000-0000-0000-00005e62ec43</tstamps>
    </comp>
    <comp ref="J2">
      <value>HUB_75</value>
      <footprint>LCSC:B-3000S16P-0110</footprint>
      <libsource lib="LITOS_v3-rescue" part="HUB_75-Generelles-Lightos_v2-rescue" description=""/>
      <property name="Sheetname" value=""/>
      <property name="Sheetfile" value="LITOS_v3.kicad_sch"/>
      <sheetpath names="/" tstamps="/"/>
      <tstamps>00000000-0000-0000-0000-00005e759b12</tstamps>
    </comp>
    <comp ref="J4">
      <value>Oled_display_SSD1351_module</value>
      <footprint>Connector_PinSocket_2.54mm:PinSocket_1x07_P2.54mm_Vertical</footprint>
      <libsource lib="LITOS_v3-rescue" part="Oled_display_SSD1351_module-Generelles-Lightos_v2-rescue" description=""/>
      <property name="Sheetname" value=""/>
      <property name="Sheetfile" value="LITOS_v3.kicad_sch"/>
      <sheetpath names="/" tstamps="/"/>
      <tstamps>00000000-0000-0000-0000-00005e9c1ce0</tstamps>
    </comp>
    <comp ref="J5">
      <value>Screw_Terminal_01x02</value>
      <footprint>LCSC:KF301-5.0-2P</footprint>
      <libsource lib="Connector" part="Screw_Terminal_01x02" description="Generic screw terminal, single row, 01x02, script generated (kicad-library-utils/schlib/autogen/connector/)"/>
      <property name="Sheetname" value=""/>
      <property name="Sheetfile" value="LITOS_v3.kicad_sch"/>
      <sheetpath names="/" tstamps="/"/>
      <tstamps>00000000-0000-0000-0000-00005e6d2c9d</tstamps>
    </comp>
    <comp ref="J6">
      <value>USB_B_Micro</value>
      <footprint>LCSC:10118193-0001LF</footprint>
      <libsource lib="LITOS_v3-rescue" part="USB_B_Micro-Connector-Lightos_v2-rescue" description=""/>
      <property name="Sheetname" value=""/>
      <property name="Sheetfile" value="LITOS_v3.kicad_sch"/>
      <sheetpath names="/" tstamps="/"/>
      <tstamps>00000000-0000-0000-0000-00005e652fd8</tstamps>
    </comp>
    <comp ref="J7">
      <value>Conn_01x04_Male</value>
      <footprint>Connector_PinHeader_2.54mm:PinHeader_1x04_P2.54mm_Vertical</footprint>
      <libsource lib="Connector" part="Conn_01x04_Male" description="Generic connector, single row, 01x04, script generated (kicad-library-utils/schlib/autogen/connector/)"/>
      <property name="Sheetname" value=""/>
      <property name="Sheetfile" value="LITOS_v3.kicad_sch"/>
      <sheetpath names="/" tstamps="/"/>
      <tstamps>00000000-0000-0000-0000-00005e6c5f73</tstamps>
    </comp>
    <comp ref="Q1">
      <value>IRF7401TRPBF</value>
      <footprint>LCSC:IRF7401TRPBF</footprint>
      <datasheet>https://www.infineon.com/dgdl/irf7401pbf.pdf?fileId=5546d462533600a4015355fa0a6c1b96</datasheet>
      <fields>
        <field name="automotive">No</field>
        <field name="category">Trans</field>
        <field name="continuous drain current">8.7A</field>
        <field name="depletion mode">False</field>
        <field name="device class L1">Discrete Semiconductors</field>
        <field name="device class L2">Transistors</field>
        <field name="device class L3">MOSFETs</field>
        <field name="digikey description">MOSFET N-CH 20V 8.7A 8-SOIC</field>
        <field name="digikey part number">IRF7401PBFCT-ND</field>
        <field name="drain to source breakdown voltage">20V</field>
        <field name="drain to source resistance">0.022Ω</field>
        <field name="drain to source voltage">20V</field>
        <field name="footprint url">https://www.infineon.com/dgdl/po-so8.pdf?fileId=5546d462580663ef0158068a1275014d</field>
        <field name="gate charge at vgs">48nC @ 4.5V</field>
        <field name="gate to source voltage">12V</field>
        <field name="height">1.75mm</field>
        <field name="input capacitace at vds">1600pF @ 15V</field>
        <field name="lead free">Yes</field>
        <field name="library id">36220663869a0537</field>
        <field name="manufacturer">Infineon</field>
        <field name="max forward diode voltage">1V</field>
        <field name="max junction temp">+150°C</field>
        <field name="mouser part number">942-IRF7401TRPBF</field>
        <field name="number of N channels">1</field>
        <field name="number of channels">1</field>
        <field name="package">SOIC8</field>
        <field name="power dissipation">2.5W</field>
        <field name="pulse drain current">35A</field>
        <field name="reverse recovery charge">42nC</field>
        <field name="reverse recovery time">39ns</field>
        <field name="rohs">Yes</field>
        <field name="rthja max">50°C/W</field>
        <field name="standoff height">0.1mm</field>
        <field name="temperature range high">+150°C</field>
        <field name="temperature range low">-55°C</field>
        <field name="threshold vgs min">0.7V</field>
        <field name="turn off delay time">65ns</field>
        <field name="turn on delay time">13ns</field>
      </fields>
      <libsource lib="LITOS_v3-rescue" part="IRF7401TRPBF" description="IRF7401TRPBF"/>
      <property name="automotive" value="No"/>
      <property name="category" value="Trans"/>
      <property name="continuous drain current" value="8.7A"/>
      <property name="depletion mode" value="False"/>
      <property name="device class L1" value="Discrete Semiconductors"/>
      <property name="device class L2" value="Transistors"/>
      <property name="device class L3" value="MOSFETs"/>
      <property name="digikey description" value="MOSFET N-CH 20V 8.7A 8-SOIC"/>
      <property name="digikey part number" value="IRF7401PBFCT-ND"/>
      <property name="drain to source breakdown voltage" value="20V"/>
      <property name="drain to source resistance" value="0.022Ω"/>
      <property name="drain to source voltage" value="20V"/>
      <property name="footprint url" value="https://www.infineon.com/dgdl/po-so8.pdf?fileId=5546d462580663ef0158068a1275014d"/>
      <property name="gate charge at vgs" value="48nC @ 4.5V"/>
      <property name="gate to source voltage" value="12V"/>
      <property name="height" value="1.75mm"/>
      <property name="input capacitace at vds" value="1600pF @ 15V"/>
      <property name="lead free" value="Yes"/>
      <property name="library id" value="36220663869a0537"/>
      <property name="manufacturer" value="Infineon"/>
      <property name="max forward diode voltage" value="1V"/>
      <property name="max junction temp" value="+150°C"/>
      <property name="mouser part number" value="942-IRF7401TRPBF"/>
      <property name="number of N channels" value="1"/>
      <property name="number of channels" value="1"/>
      <property name="package" value="SOIC8"/>
      <property name="power dissipation" value="2.5W"/>
      <property name="pulse drain current" value="35A"/>
      <property name="reverse recovery charge" value="42nC"/>
      <property name="reverse recovery time" value="39ns"/>
      <property name="rohs" value="Yes"/>
      <property name="rthja max" value="50°C/W"/>
      <property name="standoff height" value="0.1mm"/>
      <property name="temperature range high" value="+150°C"/>
      <property name="temperature range low" value="-55°C"/>
      <property name="threshold vgs min" value="0.7V"/>
      <property name="turn off delay time" value="65ns"/>
      <property name="turn on delay time" value="13ns"/>
      <property name="Sheetname" value=""/>
      <property name="Sheetfile" value="LITOS_v3.kicad_sch"/>
      <sheetpath names="/" tstamps="/"/>
      <tstamps>00000000-0000-0000-0000-0000620fb7b5</tstamps>
    </comp>
    <comp ref="Q2">
      <value>SS8050-G</value>
      <footprint>LCSC:SS8050-G</footprint>
      <datasheet>https://componentsearchengine.com/Datasheets/1/SS8050-G.pdf</datasheet>
      <fields>
        <field name="Description">Bipolar Transistors - BJT NPN TRANSISTOR 1.5A 40V</field>
        <field name="Height">1.15</field>
        <field name="Manufacturer_Name">Comchip Technology</field>
        <field name="Manufacturer_Part_Number">SS8050-G</field>
        <field name="Mouser Part Number">750-SS8050-G</field>
        <field name="Mouser Price/Stock">https://www.mouser.com/Search/Refine.aspx?Keyword=750-SS8050-G</field>
      </fields>
      <libsource lib="LITOS_v3-rescue" part="SS8050-G-Internet-Lightos_v2-rescue" description=""/>
      <property name="Description" value="Bipolar Transistors - BJT NPN TRANSISTOR 1.5A 40V"/>
      <property name="Height" value="1.15"/>
      <property name="Mouser Part Number" value="750-SS8050-G"/>
      <property name="Mouser Price/Stock" value="https://www.mouser.com/Search/Refine.aspx?Keyword=750-SS8050-G"/>
      <property name="Manufacturer_Name" value="Comchip Technology"/>
      <property name="Manufacturer_Part_Number" value="SS8050-G"/>
      <property name="Sheetname" value=""/>
      <property name="Sheetfile" value="LITOS_v3.kicad_sch"/>
      <sheetpath names="/" tstamps="/"/>
      <tstamps>00000000-0000-0000-0000-00005e6b5348</tstamps>
    </comp>
    <comp ref="Q3">
      <value>SS8050-G</value>
      <footprint>LCSC:SS8050-G</footprint>
      <datasheet>https://componentsearchengine.com/Datasheets/1/SS8050-G.pdf</datasheet>
      <fields>
        <field name="Description">Bipolar Transistors - BJT NPN TRANSISTOR 1.5A 40V</field>
        <field name="Height">1.15</field>
        <field name="Manufacturer_Name">Comchip Technology</field>
        <field name="Manufacturer_Part_Number">SS8050-G</field>
        <field name="Mouser Part Number">750-SS8050-G</field>
        <field name="Mouser Price/Stock">https://www.mouser.com/Search/Refine.aspx?Keyword=750-SS8050-G</field>
      </fields>
      <libsource lib="LITOS_v3-rescue" part="SS8050-G-Internet-Lightos_v2-rescue" description=""/>
      <property name="Description" value="Bipolar Transistors - BJT NPN TRANSISTOR 1.5A 40V"/>
      <property name="Height" value="1.15"/>
      <property name="Mouser Part Number" value="750-SS8050-G"/>
      <property name="Mouser Price/Stock" value="https://www.mouser.com/Search/Refine.aspx?Keyword=750-SS8050-G"/>
      <property name="Manufacturer_Name" value="Comchip Technology"/>
      <property name="Manufacturer_Part_Number" value="SS8050-G"/>
      <property name="Sheetname" value=""/>
      <property name="Sheetfile" value="LITOS_v3.kicad_sch"/>
      <sheetpath names="/" tstamps="/"/>
      <tstamps>00000000-0000-0000-0000-00005e6ff5f3</tstamps>
    </comp>
    <comp ref="Q4">
      <value>IRF7416TRPBF</value>
      <footprint>LCSC:IRF7416TRPBF</footprint>
      <datasheet>https://componentsearchengine.com/Datasheets/2/IRF7416TRPBF.pdf</datasheet>
      <fields>
        <field name="Description">INFINEON - IRF7416TRPBF - MOSFET Transistor, P Channel, 10 A, 30 V, 0.02 ohm, 10 V, 2.04 V</field>
        <field name="Height">1.75</field>
        <field name="Manufacturer_Name">Infineon</field>
        <field name="Manufacturer_Part_Number">IRF7416TRPBF</field>
        <field name="Mouser Part Number">942-IRF7416TRPBF</field>
        <field name="Mouser Price/Stock">https://www.mouser.co.uk/ProductDetail/Infineon-IR/IRF7416TRPBF?qs=9%252BKlkBgLFf1tuhXoEVAcyA%3D%3D</field>
      </fields>
      <libsource lib="LITOS_v3-rescue" part="IRF7416TRPBF" description="INFINEON - IRF7416TRPBF - MOSFET Transistor, P Channel, 10 A, 30 V, 0.02 ohm, 10 V, 2.04 V"/>
      <property name="Description" value="INFINEON - IRF7416TRPBF - MOSFET Transistor, P Channel, 10 A, 30 V, 0.02 ohm, 10 V, 2.04 V"/>
      <property name="Height" value="1.75"/>
      <property name="Mouser Part Number" value="942-IRF7416TRPBF"/>
      <property name="Mouser Price/Stock" value="https://www.mouser.co.uk/ProductDetail/Infineon-IR/IRF7416TRPBF?qs=9%252BKlkBgLFf1tuhXoEVAcyA%3D%3D"/>
      <property name="Manufacturer_Name" value="Infineon"/>
      <property name="Manufacturer_Part_Number" value="IRF7416TRPBF"/>
      <property name="Sheetname" value=""/>
      <property name="Sheetfile" value="LITOS_v3.kicad_sch"/>
      <sheetpath names="/" tstamps="/"/>
      <tstamps>00000000-0000-0000-0000-0000620f90e6</tstamps>
    </comp>
    <comp ref="R1">
      <value>0R</value>
      <footprint>Resistor_SMD:R_0603_1608Metric_Pad1.05x0.95mm_HandSolder</footprint>
      <libsource lib="Device" part="R" description="Resistor"/>
      <property name="Sheetname" value=""/>
      <property name="Sheetfile" value="LITOS_v3.kicad_sch"/>
      <sheetpath names="/" tstamps="/"/>
      <tstamps>00000000-0000-0000-0000-00005e70370a</tstamps>
    </comp>
    <comp ref="R2">
      <value>10k</value>
      <footprint>Resistor_SMD:R_0603_1608Metric_Pad1.05x0.95mm_HandSolder</footprint>
      <libsource lib="Device" part="R" description="Resistor"/>
      <property name="Sheetname" value=""/>
      <property name="Sheetfile" value="LITOS_v3.kicad_sch"/>
      <sheetpath names="/" tstamps="/"/>
      <tstamps>00000000-0000-0000-0000-00005e691adb</tstamps>
    </comp>
    <comp ref="R3">
      <value>1k</value>
      <footprint>Resistor_SMD:R_0603_1608Metric_Pad1.05x0.95mm_HandSolder</footprint>
      <libsource lib="Device" part="R" description="Resistor"/>
      <property name="Sheetname" value=""/>
      <property name="Sheetfile" value="LITOS_v3.kicad_sch"/>
      <sheetpath names="/" tstamps="/"/>
      <tstamps>00000000-0000-0000-0000-00005e6a95c6</tstamps>
    </comp>
    <comp ref="R4">
      <value>10k</value>
      <footprint>Resistor_SMD:R_0603_1608Metric_Pad1.05x0.95mm_HandSolder</footprint>
      <libsource lib="Device" part="R" description="Resistor"/>
      <property name="Sheetname" value=""/>
      <property name="Sheetfile" value="LITOS_v3.kicad_sch"/>
      <sheetpath names="/" tstamps="/"/>
      <tstamps>00000000-0000-0000-0000-00005e6f459c</tstamps>
    </comp>
    <comp ref="R5">
      <value>1k</value>
      <footprint>Resistor_SMD:R_0603_1608Metric_Pad1.05x0.95mm_HandSolder</footprint>
      <libsource lib="Device" part="R" description="Resistor"/>
      <property name="Sheetname" value=""/>
      <property name="Sheetfile" value="LITOS_v3.kicad_sch"/>
      <sheetpath names="/" tstamps="/"/>
      <tstamps>00000000-0000-0000-0000-00005e716094</tstamps>
    </comp>
    <comp ref="R6">
      <value>10k</value>
      <footprint>Resistor_SMD:R_0603_1608Metric_Pad1.05x0.95mm_HandSolder</footprint>
      <libsource lib="Device" part="R" description="Resistor"/>
      <property name="Sheetname" value=""/>
      <property name="Sheetfile" value="LITOS_v3.kicad_sch"/>
      <sheetpath names="/" tstamps="/"/>
      <tstamps>00000000-0000-0000-0000-00005e71607b</tstamps>
    </comp>
    <comp ref="R7">
      <value>1k</value>
      <footprint>Resistor_SMD:R_0603_1608Metric_Pad1.05x0.95mm_HandSolder</footprint>
      <libsource lib="Device" part="R" description="Resistor"/>
      <property name="Sheetname" value=""/>
      <property name="Sheetfile" value="LITOS_v3.kicad_sch"/>
      <sheetpath names="/" tstamps="/"/>
      <tstamps>00000000-0000-0000-0000-00005e781b03</tstamps>
    </comp>
    <comp ref="R8">
      <value>10k</value>
      <footprint>Resistor_SMD:R_0603_1608Metric_Pad1.05x0.95mm_HandSolder</footprint>
      <libsource lib="Device" part="R" description="Resistor"/>
      <property name="Sheetname" value=""/>
      <property name="Sheetfile" value="LITOS_v3.kicad_sch"/>
      <sheetpath names="/" tstamps="/"/>
      <tstamps>00000000-0000-0000-0000-00005e781aea</tstamps>
    </comp>
    <comp ref="R9">
      <value>1k</value>
      <footprint>Resistor_SMD:R_0603_1608Metric_Pad1.05x0.95mm_HandSolder</footprint>
      <libsource lib="Device" part="R" description="Resistor"/>
      <property name="Sheetname" value=""/>
      <property name="Sheetfile" value="LITOS_v3.kicad_sch"/>
      <sheetpath names="/" tstamps="/"/>
      <tstamps>00000000-0000-0000-0000-00005e781b34</tstamps>
    </comp>
    <comp ref="R10">
      <value>10k</value>
      <footprint>Resistor_SMD:R_0603_1608Metric_Pad1.05x0.95mm_HandSolder</footprint>
      <libsource lib="Device" part="R" description="Resistor"/>
      <property name="Sheetname" value=""/>
      <property name="Sheetfile" value="LITOS_v3.kicad_sch"/>
      <sheetpath names="/" tstamps="/"/>
      <tstamps>00000000-0000-0000-0000-00005e781b1b</tstamps>
    </comp>
    <comp ref="R11">
      <value>10k</value>
      <footprint>Resistor_SMD:R_0603_1608Metric_Pad1.05x0.95mm_HandSolder</footprint>
      <libsource lib="Device" part="R" description="Resistor"/>
      <property name="Sheetname" value=""/>
      <property name="Sheetfile" value="LITOS_v3.kicad_sch"/>
      <sheetpath names="/" tstamps="/"/>
      <tstamps>00000000-0000-0000-0000-00005e66a08b</tstamps>
    </comp>
    <comp ref="R12">
      <value>10k</value>
      <footprint>Resistor_SMD:R_0603_1608Metric_Pad1.05x0.95mm_HandSolder</footprint>
      <libsource lib="Device" part="R" description="Resistor"/>
      <property name="Sheetname" value=""/>
      <property name="Sheetfile" value="LITOS_v3.kicad_sch"/>
      <sheetpath names="/" tstamps="/"/>
      <tstamps>00000000-0000-0000-0000-00005e88d173</tstamps>
    </comp>
    <comp ref="R13">
      <value>4.7k</value>
      <footprint>Resistor_SMD:R_0603_1608Metric_Pad1.05x0.95mm_HandSolder</footprint>
      <libsource lib="Device" part="R" description="Resistor"/>
      <property name="Sheetname" value=""/>
      <property name="Sheetfile" value="LITOS_v3.kicad_sch"/>
      <sheetpath names="/" tstamps="/"/>
      <tstamps>00000000-0000-0000-0000-00005e717388</tstamps>
    </comp>
    <comp ref="R21">
      <value>10k</value>
      <footprint>Resistor_SMD:R_0603_1608Metric_Pad1.05x0.95mm_HandSolder</footprint>
      <libsource lib="Device" part="R" description="Resistor"/>
      <property name="Sheetname" value=""/>
      <property name="Sheetfile" value="LITOS_v3.kicad_sch"/>
      <sheetpath names="/" tstamps="/"/>
      <tstamps>00000000-0000-0000-0000-00005e661013</tstamps>
    </comp>
    <comp ref="R22">
      <value>10k</value>
      <footprint>Resistor_SMD:R_0603_1608Metric_Pad1.05x0.95mm_HandSolder</footprint>
      <libsource lib="Device" part="R" description="Resistor"/>
      <property name="Sheetname" value=""/>
      <property name="Sheetfile" value="LITOS_v3.kicad_sch"/>
      <sheetpath names="/" tstamps="/"/>
      <tstamps>00000000-0000-0000-0000-00005e661cda</tstamps>
    </comp>
    <comp ref="SW1">
      <value>SW_Push</value>
      <footprint>LCSC:PTS647SN50SMTR2LFS</footprint>
      <libsource lib="Switch" part="SW_Push" description="Push button switch, generic, two pins"/>
      <property name="Sheetname" value=""/>
      <property name="Sheetfile" value="LITOS_v3.kicad_sch"/>
      <sheetpath names="/" tstamps="/"/>
      <tstamps>00000000-0000-0000-0000-00005e61f05e</tstamps>
    </comp>
    <comp ref="SW2">
      <value>SW_Push</value>
      <footprint>LCSC:PTS647SN50SMTR2LFS</footprint>
      <libsource lib="Switch" part="SW_Push" description="Push button switch, generic, two pins"/>
      <property name="Sheetname" value=""/>
      <property name="Sheetfile" value="LITOS_v3.kicad_sch"/>
      <sheetpath names="/" tstamps="/"/>
      <tstamps>00000000-0000-0000-0000-00005e625118</tstamps>
    </comp>
    <comp ref="SW3">
      <value>B3F-4050</value>
      <footprint>LCSC:B3F-4050</footprint>
      <datasheet>https://componentsearchengine.com/Datasheets/1/B3F-4050.pdf</datasheet>
      <fields>
        <field name="Description">lvory Plunger Tactile Switch, SPST-NO 0.05 A@ 24 V dc 3mm</field>
        <field name="Manufacturer_Name">Omron Electronics</field>
        <field name="Manufacturer_Part_Number">B3F-4050</field>
        <field name="Mouser Part Number">653-B3F-4050</field>
        <field name="Mouser Price/Stock">https://www.mouser.com/Search/Refine.aspx?Keyword=653-B3F-4050</field>
      </fields>
      <libsource lib="LITOS_v3-rescue" part="B3F-4050-Internet-Lightos_v2-rescue" description=""/>
      <property name="Description" value="lvory Plunger Tactile Switch, SPST-NO 0.05 A@ 24 V dc 3mm"/>
      <property name="Height" value=""/>
      <property name="Mouser Part Number" value="653-B3F-4050"/>
      <property name="Mouser Price/Stock" value="https://www.mouser.com/Search/Refine.aspx?Keyword=653-B3F-4050"/>
      <property name="Manufacturer_Name" value="Omron Electronics"/>
      <property name="Manufacturer_Part_Number" value="B3F-4050"/>
      <property name="Sheetname" value=""/>
      <property name="Sheetfile" value="LITOS_v3.kicad_sch"/>
      <sheetpath names="/" tstamps="/"/>
      <tstamps>00000000-0000-0000-0000-00005ea63432</tstamps>
    </comp>
    <comp ref="SW4">
      <value>B3F-4050</value>
      <footprint>LCSC:B3F-4050</footprint>
      <datasheet>https://componentsearchengine.com/Datasheets/1/B3F-4050.pdf</datasheet>
      <fields>
        <field name="Description">lvory Plunger Tactile Switch, SPST-NO 0.05 A@ 24 V dc 3mm</field>
        <field name="Manufacturer_Name">Omron Electronics</field>
        <field name="Manufacturer_Part_Number">B3F-4050</field>
        <field name="Mouser Part Number">653-B3F-4050</field>
        <field name="Mouser Price/Stock">https://www.mouser.com/Search/Refine.aspx?Keyword=653-B3F-4050</field>
      </fields>
      <libsource lib="LITOS_v3-rescue" part="B3F-4050-Internet-Lightos_v2-rescue" description=""/>
      <property name="Description" value="lvory Plunger Tactile Switch, SPST-NO 0.05 A@ 24 V dc 3mm"/>
      <property name="Height" value=""/>
      <property name="Mouser Part Number" value="653-B3F-4050"/>
      <property name="Mouser Price/Stock" value="https://www.mouser.com/Search/Refine.aspx?Keyword=653-B3F-4050"/>
      <property name="Manufacturer_Name" value="Omron Electronics"/>
      <property name="Manufacturer_Part_Number" value="B3F-4050"/>
      <property name="Sheetname" value=""/>
      <property name="Sheetfile" value="LITOS_v3.kicad_sch"/>
      <sheetpath names="/" tstamps="/"/>
      <tstamps>00000000-0000-0000-0000-00005ea61842</tstamps>
    </comp>
    <comp ref="SW5">
      <value>B3F-4050</value>
      <footprint>LCSC:B3F-4050</footprint>
      <datasheet>https://componentsearchengine.com/Datasheets/1/B3F-4050.pdf</datasheet>
      <fields>
        <field name="Description">lvory Plunger Tactile Switch, SPST-NO 0.05 A@ 24 V dc 3mm</field>
        <field name="Manufacturer_Name">Omron Electronics</field>
        <field name="Manufacturer_Part_Number">B3F-4050</field>
        <field name="Mouser Part Number">653-B3F-4050</field>
        <field name="Mouser Price/Stock">https://www.mouser.com/Search/Refine.aspx?Keyword=653-B3F-4050</field>
      </fields>
      <libsource lib="LITOS_v3-rescue" part="B3F-4050-Internet-Lightos_v2-rescue" description=""/>
      <property name="Description" value="lvory Plunger Tactile Switch, SPST-NO 0.05 A@ 24 V dc 3mm"/>
      <property name="Height" value=""/>
      <property name="Mouser Part Number" value="653-B3F-4050"/>
      <property name="Mouser Price/Stock" value="https://www.mouser.com/Search/Refine.aspx?Keyword=653-B3F-4050"/>
      <property name="Manufacturer_Name" value="Omron Electronics"/>
      <property name="Manufacturer_Part_Number" value="B3F-4050"/>
      <property name="Sheetname" value=""/>
      <property name="Sheetfile" value="LITOS_v3.kicad_sch"/>
      <sheetpath names="/" tstamps="/"/>
      <tstamps>00000000-0000-0000-0000-00005ea64d71</tstamps>
    </comp>
    <comp ref="SW6">
      <value>B3F-4050</value>
      <footprint>LCSC:B3F-4050</footprint>
      <datasheet>https://componentsearchengine.com/Datasheets/1/B3F-4050.pdf</datasheet>
      <fields>
        <field name="Description">lvory Plunger Tactile Switch, SPST-NO 0.05 A@ 24 V dc 3mm</field>
        <field name="Manufacturer_Name">Omron Electronics</field>
        <field name="Manufacturer_Part_Number">B3F-4050</field>
        <field name="Mouser Part Number">653-B3F-4050</field>
        <field name="Mouser Price/Stock">https://www.mouser.com/Search/Refine.aspx?Keyword=653-B3F-4050</field>
      </fields>
      <libsource lib="LITOS_v3-rescue" part="B3F-4050-Internet-Lightos_v2-rescue" description=""/>
      <property name="Description" value="lvory Plunger Tactile Switch, SPST-NO 0.05 A@ 24 V dc 3mm"/>
      <property name="Height" value=""/>
      <property name="Mouser Part Number" value="653-B3F-4050"/>
      <property name="Mouser Price/Stock" value="https://www.mouser.com/Search/Refine.aspx?Keyword=653-B3F-4050"/>
      <property name="Manufacturer_Name" value="Omron Electronics"/>
      <property name="Manufacturer_Part_Number" value="B3F-4050"/>
      <property name="Sheetname" value=""/>
      <property name="Sheetfile" value="LITOS_v3.kicad_sch"/>
      <sheetpath names="/" tstamps="/"/>
      <tstamps>00000000-0000-0000-0000-00005ea63edb</tstamps>
    </comp>
    <comp ref="U1">
      <value>AMS1117-3.3</value>
      <footprint>Package_TO_SOT_SMD:SOT-223-3_TabPin2</footprint>
      <datasheet>http://www.advanced-monolithic.com/pdf/ds1117.pdf</datasheet>
      <libsource lib="Regulator_Linear" part="AMS1117-3.3" description="1A Low Dropout regulator, positive, 3.3V fixed output, SOT-223"/>
      <property name="Sheetname" value=""/>
      <property name="Sheetfile" value="LITOS_v3.kicad_sch"/>
      <sheetpath names="/" tstamps="/"/>
      <tstamps>00000000-0000-0000-0000-00005e63034e</tstamps>
    </comp>
    <comp ref="U2">
      <value>ESP32-WROOM-32D</value>
      <footprint>RF_Module:ESP32-WROOM-32</footprint>
      <datasheet>https://www.espressif.com/sites/default/files/documentation/esp32-wroom-32d_esp32-wroom-32u_datasheet_en.pdf</datasheet>
      <libsource lib="RF_Module" part="ESP32-WROOM-32D" description="RF Module, ESP32-D0WD SoC, Wi-Fi 802.11b/g/n, Bluetooth, BLE, 32-bit, 2.7-3.6V, onboard antenna, SMD"/>
      <property name="Sheetname" value=""/>
      <property name="Sheetfile" value="LITOS_v3.kicad_sch"/>
      <sheetpath names="/" tstamps="/"/>
      <tstamps>00000000-0000-0000-0000-00005e6170eb</tstamps>
    </comp>
    <comp ref="U3">
      <value>CH340C</value>
      <footprint>LCSC:CH340C</footprint>
      <datasheet>https://datasheet.lcsc.com/szlcsc/Jiangsu-Qin-Heng-CH340C_C84681.pdf</datasheet>
      <libsource lib="Interface_USB" part="CH340C" description="USB serial converter, UART, SOIC-16"/>
      <property name="Sheetname" value=""/>
      <property name="Sheetfile" value="LITOS_v3.kicad_sch"/>
      <sheetpath names="/" tstamps="/"/>
      <tstamps>00000000-0000-0000-0000-0000621c86d4</tstamps>
    </comp>
  </components>
  <libparts>
    <libpart lib="Connector" part="Barrel_Jack_MountingPin">
      <description>DC Barrel Jack with a mounting pin</description>
      <docs>~</docs>
      <footprints>
        <fp>BarrelJack*</fp>
      </footprints>
      <fields>
        <field name="Reference">J</field>
        <field name="Value">Barrel_Jack_MountingPin</field>
        <field name="Datasheet">~</field>
      </fields>
      <pins>
        <pin num="1" name="" type="passive"/>
        <pin num="2" name="" type="passive"/>
        <pin num="MP" name="MountPin" type="passive"/>
      </pins>
    </libpart>
    <libpart lib="Connector" part="Conn_01x04_Male">
      <description>Generic connector, single row, 01x04, script generated (kicad-library-utils/schlib/autogen/connector/)</description>
      <docs>~</docs>
      <footprints>
        <fp>Connector*:*_1x??_*</fp>
      </footprints>
      <fields>
        <field name="Reference">J</field>
        <field name="Value">Conn_01x04_Male</field>
        <field name="Datasheet">~</field>
      </fields>
      <pins>
        <pin num="1" name="Pin_1" type="passive"/>
        <pin num="2" name="Pin_2" type="passive"/>
        <pin num="3" name="Pin_3" type="passive"/>
        <pin num="4" name="Pin_4" type="passive"/>
      </pins>
    </libpart>
    <libpart lib="Connector" part="Screw_Terminal_01x02">
      <description>Generic screw terminal, single row, 01x02, script generated (kicad-library-utils/schlib/autogen/connector/)</description>
      <docs>~</docs>
      <footprints>
        <fp>TerminalBlock*:*</fp>
      </footprints>
      <fields>
        <field name="Reference">J</field>
        <field name="Value">Screw_Terminal_01x02</field>
        <field name="Datasheet">~</field>
      </fields>
      <pins>
        <pin num="1" name="Pin_1" type="passive"/>
        <pin num="2" name="Pin_2" type="passive"/>
      </pins>
    </libpart>
    <libpart lib="Device" part="Buzzer">
      <description>Buzzer, polarized</description>
      <docs>~</docs>
      <footprints>
        <fp>*Buzzer*</fp>
      </footprints>
      <fields>
        <field name="Reference">BZ</field>
        <field name="Value">Buzzer</field>
        <field name="Datasheet">~</field>
      </fields>
      <pins>
        <pin num="1" name="-" type="passive"/>
        <pin num="2" name="+" type="passive"/>
      </pins>
    </libpart>
    <libpart lib="Device" part="C">
      <description>Unpolarized capacitor</description>
      <docs>~</docs>
      <footprints>
        <fp>C_*</fp>
      </footprints>
      <fields>
        <field name="Reference">C</field>
        <field name="Value">C</field>
        <field name="Datasheet">~</field>
      </fields>
      <pins>
        <pin num="1" name="" type="passive"/>
        <pin num="2" name="" type="passive"/>
      </pins>
    </libpart>
    <libpart lib="Device" part="R">
      <description>Resistor</description>
      <docs>~</docs>
      <footprints>
        <fp>R_*</fp>
      </footprints>
      <fields>
        <field name="Reference">R</field>
        <field name="Value">R</field>
        <field name="Datasheet">~</field>
      </fields>
      <pins>
        <pin num="1" name="" type="passive"/>
        <pin num="2" name="" type="passive"/>
      </pins>
    </libpart>
    <libpart lib="Interface_USB" part="CH340C">
      <description>USB serial converter, UART, SOIC-16</description>
      <docs>https://datasheet.lcsc.com/szlcsc/Jiangsu-Qin-Heng-CH340C_C84681.pdf</docs>
      <footprints>
        <fp>SOIC*3.9x9.9mm*P1.27mm*</fp>
      </footprints>
      <fields>
        <field name="Reference">U</field>
        <field name="Value">CH340C</field>
        <field name="Footprint">Package_SO:SOIC-16_3.9x9.9mm_P1.27mm</field>
        <field name="Datasheet">https://datasheet.lcsc.com/szlcsc/Jiangsu-Qin-Heng-CH340C_C84681.pdf</field>
      </fields>
      <pins>
        <pin num="1" name="GND" type="power_in"/>
        <pin num="2" name="TXD" type="output"/>
        <pin num="3" name="RXD" type="input"/>
        <pin num="4" name="V3" type="passive"/>
        <pin num="5" name="UD+" type="bidirectional"/>
        <pin num="6" name="UD-" type="bidirectional"/>
        <pin num="7" name="NC" type="no_connect"/>
        <pin num="8" name="NC" type="no_connect"/>
        <pin num="9" name="~{CTS}" type="input"/>
        <pin num="10" name="~{DSR}" type="input"/>
        <pin num="11" name="~{RI}" type="input"/>
        <pin num="12" name="~{DCD}" type="input"/>
        <pin num="13" name="~{DTR}" type="output"/>
        <pin num="14" name="~{RTS}" type="output"/>
        <pin num="15" name="R232" type="input"/>
        <pin num="16" name="VCC" type="power_in"/>
      </pins>
    </libpart>
    <libpart lib="LITOS_v3-rescue" part="B3F-4050-Internet-Lightos_v2-rescue">
      <docs>https://componentsearchengine.com/Datasheets/1/B3F-4050.pdf</docs>
      <fields>
        <field name="Reference">S</field>
        <field name="Value">B3F-4050-Internet-Lightos_v2-rescue</field>
        <field name="Footprint">B3F-4000</field>
        <field name="Datasheet">https://componentsearchengine.com/Datasheets/1/B3F-4050.pdf</field>
        <field name="Description">lvory Plunger Tactile Switch, SPST-NO 0.05 A@ 24 V dc 3mm</field>
        <field name="Mouser Part Number">653-B3F-4050</field>
        <field name="Mouser Price/Stock">https://www.mouser.com/Search/Refine.aspx?Keyword=653-B3F-4050</field>
        <field name="Manufacturer_Name">Omron Electronics</field>
        <field name="Manufacturer_Part_Number">B3F-4050</field>
      </fields>
      <pins>
        <pin num="1" name="1" type="unspecified"/>
        <pin num="2" name="2" type="unspecified"/>
        <pin num="3" name="3" type="unspecified"/>
        <pin num="4" name="4" type="unspecified"/>
      </pins>
    </libpart>
    <libpart lib="LITOS_v3-rescue" part="HUB_75-Generelles-Lightos_v2-rescue">
      <footprints>
        <fp>Connector*:*_2x??_*</fp>
      </footprints>
      <fields>
        <field name="Reference">J</field>
        <field name="Value">HUB_75-Generelles-Lightos_v2-rescue</field>
      </fields>
      <pins>
        <pin num="1" name="R1" type="input"/>
        <pin num="2" name="G1" type="input"/>
        <pin num="3" name="B1" type="input"/>
        <pin num="4" name="GND" type="input"/>
        <pin num="5" name="R2" type="input"/>
        <pin num="6" name="G2" type="input"/>
        <pin num="7" name="B2" type="input"/>
        <pin num="8" name="GND" type="input"/>
        <pin num="9" name="A" type="input"/>
        <pin num="10" name="B" type="input"/>
        <pin num="11" name="C" type="input"/>
        <pin num="12" name="D" type="input"/>
        <pin num="13" name="CLK" type="input"/>
        <pin num="14" name="STB" type="input"/>
        <pin num="15" name="OE" type="input"/>
        <pin num="16" name="GND" type="input"/>
      </pins>
    </libpart>
    <libpart lib="LITOS_v3-rescue" part="IRF7401TRPBF">
      <description>IRF7401TRPBF</description>
      <docs>https://www.infineon.com/dgdl/irf7401pbf.pdf?fileId=5546d462533600a4015355fa0a6c1b96</docs>
      <fields>
        <field name="Reference">Q</field>
        <field name="Value">IRF7401TRPBF</field>
        <field name="Footprint">Infineon-PG-DSO-8-11_2006-902-*</field>
        <field name="Datasheet">https://www.infineon.com/dgdl/irf7401pbf.pdf?fileId=5546d462533600a4015355fa0a6c1b96</field>
        <field name="automotive">No</field>
        <field name="category">Trans</field>
        <field name="continuous drain current">8.7A</field>
        <field name="depletion mode">False</field>
        <field name="device class L1">Discrete Semiconductors</field>
        <field name="device class L2">Transistors</field>
        <field name="device class L3">MOSFETs</field>
        <field name="digikey description">MOSFET N-CH 20V 8.7A 8-SOIC</field>
        <field name="digikey part number">IRF7401PBFCT-ND</field>
        <field name="drain to source breakdown voltage">20V</field>
        <field name="drain to source resistance">0.022Ω</field>
        <field name="drain to source voltage">20V</field>
        <field name="footprint url">https://www.infineon.com/dgdl/po-so8.pdf?fileId=5546d462580663ef0158068a1275014d</field>
        <field name="gate charge at vgs">48nC @ 4.5V</field>
        <field name="gate to source voltage">12V</field>
        <field name="height">1.75mm</field>
        <field name="input capacitace at vds">1600pF @ 15V</field>
        <field name="lead free">Yes</field>
        <field name="library id">36220663869a0537</field>
        <field name="manufacturer">Infineon</field>
        <field name="max forward diode voltage">1V</field>
        <field name="max junction temp">+150°C</field>
        <field name="mouser part number">942-IRF7401TRPBF</field>
        <field name="number of N channels">1</field>
        <field name="number of channels">1</field>
        <field name="package">SOIC8</field>
        <field name="power dissipation">2.5W</field>
        <field name="pulse drain current">35A</field>
        <field name="reverse recovery charge">42nC</field>
        <field name="reverse recovery time">39ns</field>
        <field name="rohs">Yes</field>
        <field name="rthja max">50°C/W</field>
        <field name="standoff height">0.1mm</field>
        <field name="temperature range high">+150°C</field>
        <field name="temperature range low">-55°C</field>
        <field name="threshold vgs min">0.7V</field>
        <field name="turn off delay time">65ns</field>
        <field name="turn on delay time">13ns</field>
      </fields>
      <pins>
        <pin num="1" name="S" type="passive"/>
        <pin num="2" name="S" type="passive"/>
        <pin num="3" name="S" type="passive"/>
        <pin num="4" name="G" type="passive"/>
        <pin num="5" name="D" type="passive"/>
        <pin num="6" name="D" type="passive"/>
        <pin num="7" name="D" type="passive"/>
        <pin num="8" name="D" type="passive"/>
      </pins>
    </libpart>
    <libpart lib="LITOS_v3-rescue" part="IRF7416TRPBF">
      <description>INFINEON - IRF7416TRPBF - MOSFET Transistor, P Channel, 10 A, 30 V, 0.02 ohm, 10 V, 2.04 V</description>
      <docs>https://componentsearchengine.com/Datasheets/2/IRF7416TRPBF.pdf</docs>
      <fields>
        <field name="Reference">Q</field>
        <field name="Value">IRF7416TRPBF</field>
        <field name="Footprint">SOIC127P600X175-8N</field>
        <field name="Datasheet">https://componentsearchengine.com/Datasheets/2/IRF7416TRPBF.pdf</field>
        <field name="Description">INFINEON - IRF7416TRPBF - MOSFET Transistor, P Channel, 10 A, 30 V, 0.02 ohm, 10 V, 2.04 V</field>
        <field name="Height">1.75</field>
        <field name="Mouser Part Number">942-IRF7416TRPBF</field>
        <field name="Mouser Price/Stock">https://www.mouser.co.uk/ProductDetail/Infineon-IR/IRF7416TRPBF?qs=9%252BKlkBgLFf1tuhXoEVAcyA%3D%3D</field>
        <field name="Manufacturer_Name">Infineon</field>
        <field name="Manufacturer_Part_Number">IRF7416TRPBF</field>
      </fields>
      <pins>
        <pin num="1" name="S_1" type="passive"/>
        <pin num="2" name="S_2" type="passive"/>
        <pin num="3" name="S_3" type="passive"/>
        <pin num="4" name="G" type="passive"/>
        <pin num="5" name="D_1" type="passive"/>
        <pin num="6" name="D_2" type="passive"/>
        <pin num="7" name="D_3" type="passive"/>
        <pin num="8" name="D_4" type="passive"/>
      </pins>
    </libpart>
    <libpart lib="LITOS_v3-rescue" part="Oled_display_SSD1351_module-Generelles-Lightos_v2-rescue">
      <footprints>
        <fp>Connector*:*_1x??_*</fp>
      </footprints>
      <fields>
        <field name="Reference">J</field>
        <field name="Value">Oled_display_SSD1351_module-Generelles-Lightos_v2-rescue</field>
      </fields>
      <pins>
        <pin num="1" name="GND" type="input"/>
        <pin num="2" name="VCC" type="input"/>
        <pin num="3" name="SLC" type="input"/>
        <pin num="4" name="SDA" type="input"/>
        <pin num="5" name="RES" type="input"/>
        <pin num="6" name="DC" type="input"/>
        <pin num="7" name="CS" type="input"/>
      </pins>
    </libpart>
    <libpart lib="LITOS_v3-rescue" part="SS8050-G-Internet-Lightos_v2-rescue">
      <docs>https://componentsearchengine.com/Datasheets/1/SS8050-G.pdf</docs>
      <fields>
        <field name="Reference">Q</field>
        <field name="Value">SS8050-G-Internet-Lightos_v2-rescue</field>
        <field name="Footprint">SOT95P240X115-3N</field>
        <field name="Datasheet">https://componentsearchengine.com/Datasheets/1/SS8050-G.pdf</field>
        <field name="Description">Bipolar Transistors - BJT NPN TRANSISTOR 1.5A 40V</field>
        <field name="Height">1.15</field>
        <field name="Mouser Part Number">750-SS8050-G</field>
        <field name="Mouser Price/Stock">https://www.mouser.com/Search/Refine.aspx?Keyword=750-SS8050-G</field>
        <field name="Manufacturer_Name">Comchip Technology</field>
        <field name="Manufacturer_Part_Number">SS8050-G</field>
      </fields>
      <pins>
        <pin num="1" name="" type="input"/>
        <pin num="2" name="" type="bidirectional"/>
        <pin num="3" name="" type="bidirectional"/>
      </pins>
    </libpart>
    <libpart lib="LITOS_v3-rescue" part="USB_B_Micro-Connector-Lightos_v2-rescue">
      <footprints>
        <fp>USB*</fp>
      </footprints>
      <fields>
        <field name="Reference">J</field>
        <field name="Value">USB_B_Micro-Connector-Lightos_v2-rescue</field>
      </fields>
      <pins>
        <pin num="1" name="VBUS" type="power_out"/>
        <pin num="2" name="D-" type="passive"/>
        <pin num="3" name="D+" type="passive"/>
        <pin num="4" name="ID" type="passive"/>
        <pin num="5" name="GND" type="power_out"/>
        <pin num="6" name="Shield" type="passive"/>
      </pins>
    </libpart>
    <libpart lib="RF_Module" part="ESP32-WROOM-32D">
      <description>RF Module, ESP32-D0WD SoC, Wi-Fi 802.11b/g/n, Bluetooth, BLE, 32-bit, 2.7-3.6V, onboard antenna, SMD</description>
      <docs>https://www.espressif.com/sites/default/files/documentation/esp32-wroom-32d_esp32-wroom-32u_datasheet_en.pdf</docs>
      <footprints>
        <fp>ESP32?WROOM?32*</fp>
      </footprints>
      <fields>
        <field name="Reference">U</field>
        <field name="Value">ESP32-WROOM-32D</field>
        <field name="Footprint">RF_Module:ESP32-WROOM-32</field>
        <field name="Datasheet">https://www.espressif.com/sites/default/files/documentation/esp32-wroom-32d_esp32-wroom-32u_datasheet_en.pdf</field>
      </fields>
      <pins>
        <pin num="1" name="GND" type="power_in"/>
        <pin num="2" name="VDD" type="power_in"/>
        <pin num="3" name="EN" type="input"/>
        <pin num="4" name="SENSOR_VP" type="input"/>
        <pin num="5" name="SENSOR_VN" type="input"/>
        <pin num="6" name="IO34" type="input"/>
        <pin num="7" name="IO35" type="input"/>
        <pin num="8" name="IO32" type="bidirectional"/>
        <pin num="9" name="IO33" type="bidirectional"/>
        <pin num="10" name="IO25" type="bidirectional"/>
        <pin num="11" name="IO26" type="bidirectional"/>
        <pin num="12" name="IO27" type="bidirectional"/>
        <pin num="13" name="IO14" type="bidirectional"/>
        <pin num="14" name="IO12" type="bidirectional"/>
        <pin num="15" name="GND" type="passive"/>
        <pin num="16" name="IO13" type="bidirectional"/>
        <pin num="17" name="SHD/SD2" type="bidirectional"/>
        <pin num="18" name="SWP/SD3" type="bidirectional"/>
        <pin num="19" name="SCS/CMD" type="bidirectional"/>
        <pin num="20" name="SCK/CLK" type="bidirectional"/>
        <pin num="21" name="SDO/SD0" type="bidirectional"/>
        <pin num="22" name="SDI/SD1" type="bidirectional"/>
        <pin num="23" name="IO15" type="bidirectional"/>
        <pin num="24" name="IO2" type="bidirectional"/>
        <pin num="25" name="IO0" type="bidirectional"/>
        <pin num="26" name="IO4" type="bidirectional"/>
        <pin num="27" name="IO16" type="bidirectional"/>
        <pin num="28" name="IO17" type="bidirectional"/>
        <pin num="29" name="IO5" type="bidirectional"/>
        <pin num="30" name="IO18" type="bidirectional"/>
        <pin num="31" name="IO19" type="bidirectional"/>
        <pin num="32" name="NC" type="no_connect"/>
        <pin num="33" name="IO21" type="bidirectional"/>
        <pin num="34" name="RXD0/IO3" type="bidirectional"/>
        <pin num="35" name="TXD0/IO1" type="bidirectional"/>
        <pin num="36" name="IO22" type="bidirectional"/>
        <pin num="37" name="IO23" type="bidirectional"/>
        <pin num="38" name="GND" type="passive"/>
        <pin num="39" name="GND" type="passive"/>
      </pins>
    </libpart>
    <libpart lib="Regulator_Linear" part="AMS1117-3.3">
      <description>1A Low Dropout regulator, positive, 3.3V fixed output, SOT-223</description>
      <docs>http://www.advanced-monolithic.com/pdf/ds1117.pdf</docs>
      <footprints>
        <fp>SOT?223*TabPin2*</fp>
      </footprints>
      <fields>
        <field name="Reference">U</field>
        <field name="Value">AMS1117-3.3</field>
        <field name="Footprint">Package_TO_SOT_SMD:SOT-223-3_TabPin2</field>
        <field name="Datasheet">http://www.advanced-monolithic.com/pdf/ds1117.pdf</field>
      </fields>
      <pins>
        <pin num="1" name="GND" type="power_in"/>
        <pin num="2" name="VO" type="power_out"/>
        <pin num="3" name="VI" type="power_in"/>
      </pins>
    </libpart>
    <libpart lib="Switch" part="SW_Push">
      <description>Push button switch, generic, two pins</description>
      <docs>~</docs>
      <fields>
        <field name="Reference">SW</field>
        <field name="Value">SW_Push</field>
        <field name="Datasheet">~</field>
      </fields>
      <pins>
        <pin num="1" name="1" type="passive"/>
        <pin num="2" name="2" type="passive"/>
      </pins>
    </libpart>
  </libparts>
  <libraries>
    <library logical="Connector">
      <uri>C:\Program Files\KiCad\6.0\share\kicad\symbols\/Connector.kicad_sym</uri>
    </library>
    <library logical="Device">
      <uri>C:\Program Files\KiCad\6.0\share\kicad\symbols\/Device.kicad_sym</uri>
    </library>
    <library logical="Interface_USB">
      <uri>C:\Program Files\KiCad\6.0\share\kicad\symbols\/Interface_USB.kicad_sym</uri>
    </library>
    <library logical="LITOS_v3-rescue">
      <uri>C:\Users\Alex\Ausbildung\Litos_Code\Kicad/LITOS_v3-rescue.lib</uri>
    </library>
    <library logical="RF_Module">
      <uri>C:\Program Files\KiCad\6.0\share\kicad\symbols\/RF_Module.kicad_sym</uri>
    </library>
    <library logical="Regulator_Linear">
      <uri>C:\Program Files\KiCad\6.0\share\kicad\symbols\/Regulator_Linear.kicad_sym</uri>
    </library>
    <library logical="Switch">
      <uri>C:\Program Files\KiCad\6.0\share\kicad\symbols\/Switch.kicad_sym</uri>
    </library>
  </libraries>
  <nets>
    <net code="1" name="+3V3">
      <node ref="C21" pin="2" pintype="passive"/>
      <node ref="C22" pin="2" pintype="passive"/>
      <node ref="C3" pin="1" pintype="passive"/>
      <node ref="J4" pin="2" pinfunction="VCC" pintype="input"/>
      <node ref="J7" pin="1" pinfunction="Pin_1" pintype="passive"/>
      <node ref="R10" pin="1" pintype="passive"/>
      <node ref="R11" pin="1" pintype="passive"/>
      <node ref="R2" pin="1" pintype="passive"/>
      <node ref="R4" pin="1" pintype="passive"/>
      <node ref="R6" pin="1" pintype="passive"/>
      <node ref="R8" pin="1" pintype="passive"/>
      <node ref="U1" pin="2" pinfunction="VO" pintype="power_out"/>
      <node ref="U2" pin="2" pinfunction="VDD" pintype="power_in"/>
    </net>
    <net code="2" name="+5V">
      <node ref="C10" pin="1" pintype="passive"/>
      <node ref="C4" pin="1" pintype="passive"/>
      <node ref="J1" pin="1" pintype="passive"/>
      <node ref="J6" pin="1" pinfunction="VBUS" pintype="power_out"/>
      <node ref="Q4" pin="1" pinfunction="S_1" pintype="passive"/>
      <node ref="Q4" pin="2" pinfunction="S_2" pintype="passive"/>
      <node ref="Q4" pin="3" pinfunction="S_3" pintype="passive"/>
      <node ref="R12" pin="1" pintype="passive"/>
      <node ref="U1" pin="3" pinfunction="VI" pintype="power_in"/>
      <node ref="U3" pin="16" pinfunction="VCC" pintype="power_in"/>
    </net>
    <net code="3" name="/B2">
      <node ref="R1" pin="1" pintype="passive"/>
      <node ref="U2" pin="24" pinfunction="IO2" pintype="bidirectional"/>
    </net>
    <net code="4" name="/D+">
      <node ref="J6" pin="3" pinfunction="D+" pintype="passive"/>
      <node ref="U3" pin="5" pinfunction="UD+" pintype="bidirectional"/>
    </net>
    <net code="5" name="/D-">
      <node ref="J6" pin="2" pinfunction="D-" pintype="passive"/>
      <node ref="U3" pin="6" pinfunction="UD-" pintype="bidirectional"/>
    </net>
    <net code="6" name="/D5">
      <node ref="J4" pin="7" pinfunction="CS" pintype="input"/>
      <node ref="U2" pin="29" pinfunction="IO5" pintype="bidirectional"/>
    </net>
    <net code="7" name="/D15">
      <node ref="J4" pin="6" pinfunction="DC" pintype="input"/>
      <node ref="U2" pin="23" pinfunction="IO15" pintype="bidirectional"/>
    </net>
    <net code="8" name="/D18">
      <node ref="J4" pin="3" pinfunction="SLC" pintype="input"/>
      <node ref="U2" pin="30" pinfunction="IO18" pintype="bidirectional"/>
    </net>
    <net code="9" name="/D23">
      <node ref="J4" pin="4" pinfunction="SDA" pintype="input"/>
      <node ref="U2" pin="37" pinfunction="IO23" pintype="bidirectional"/>
    </net>
    <net code="10" name="/DTR">
      <node ref="Q3" pin="2" pintype="bidirectional"/>
      <node ref="R21" pin="2" pintype="passive"/>
      <node ref="U3" pin="13" pinfunction="~{DTR}" pintype="output"/>
    </net>
    <net code="11" name="/EN">
      <node ref="C14" pin="1" pintype="passive"/>
      <node ref="C9" pin="1" pintype="passive"/>
      <node ref="Q2" pin="3" pintype="bidirectional"/>
      <node ref="R11" pin="2" pintype="passive"/>
      <node ref="SW2" pin="2" pinfunction="2" pintype="passive"/>
      <node ref="U2" pin="3" pinfunction="EN" pintype="input"/>
    </net>
    <net code="12" name="/IO0">
      <node ref="Q3" pin="3" pintype="bidirectional"/>
      <node ref="SW1" pin="1" pinfunction="1" pintype="passive"/>
      <node ref="U2" pin="25" pinfunction="IO0" pintype="bidirectional"/>
    </net>
    <net code="13" name="/M12">
      <node ref="J2" pin="13" pinfunction="CLK" pintype="input"/>
      <node ref="U2" pin="14" pinfunction="IO12" pintype="bidirectional"/>
    </net>
    <net code="14" name="/M13">
      <node ref="J2" pin="15" pinfunction="OE" pintype="input"/>
      <node ref="U2" pin="16" pinfunction="IO13" pintype="bidirectional"/>
    </net>
    <net code="15" name="/M14">
      <node ref="J2" pin="14" pinfunction="STB" pintype="input"/>
      <node ref="U2" pin="13" pinfunction="IO14" pintype="bidirectional"/>
    </net>
    <net code="16" name="/M16">
      <node ref="J2" pin="9" pinfunction="A" pintype="input"/>
      <node ref="U2" pin="27" pinfunction="IO16" pintype="bidirectional"/>
    </net>
    <net code="17" name="/M17">
      <node ref="J2" pin="7" pinfunction="B2" pintype="input"/>
      <node ref="U2" pin="28" pinfunction="IO17" pintype="bidirectional"/>
    </net>
    <net code="18" name="/M19">
      <node ref="J2" pin="5" pinfunction="R2" pintype="input"/>
      <node ref="U2" pin="31" pinfunction="IO19" pintype="bidirectional"/>
    </net>
    <net code="19" name="/M21">
      <node ref="J2" pin="3" pinfunction="B1" pintype="input"/>
      <node ref="U2" pin="33" pinfunction="IO21" pintype="bidirectional"/>
    </net>
    <net code="20" name="/M22">
      <node ref="J2" pin="1" pinfunction="R1" pintype="input"/>
      <node ref="U2" pin="36" pinfunction="IO22" pintype="bidirectional"/>
    </net>
    <net code="21" name="/M25">
      <node ref="J2" pin="10" pinfunction="B" pintype="input"/>
      <node ref="U2" pin="10" pinfunction="IO25" pintype="bidirectional"/>
    </net>
    <net code="22" name="/M26">
      <node ref="J2" pin="12" pinfunction="D" pintype="input"/>
      <node ref="U2" pin="11" pinfunction="IO26" pintype="bidirectional"/>
    </net>
    <net code="23" name="/M27">
      <node ref="J2" pin="11" pinfunction="C" pintype="input"/>
      <node ref="U2" pin="12" pinfunction="IO27" pintype="bidirectional"/>
    </net>
    <net code="24" name="/M32">
      <node ref="J2" pin="2" pinfunction="G1" pintype="input"/>
      <node ref="U2" pin="8" pinfunction="IO32" pintype="bidirectional"/>
    </net>
    <net code="25" name="/M33">
      <node ref="J2" pin="6" pinfunction="G2" pintype="input"/>
      <node ref="U2" pin="9" pinfunction="IO33" pintype="bidirectional"/>
    </net>
    <net code="26" name="/R1">
      <node ref="R13" pin="1" pintype="passive"/>
      <node ref="U2" pin="26" pinfunction="IO4" pintype="bidirectional"/>
    </net>
    <net code="27" name="/RTS">
      <node ref="Q2" pin="2" pintype="bidirectional"/>
      <node ref="R22" pin="1" pintype="passive"/>
      <node ref="U3" pin="14" pinfunction="~{RTS}" pintype="output"/>
    </net>
    <net code="28" name="/RXD0">
      <node ref="J7" pin="2" pinfunction="Pin_2" pintype="passive"/>
      <node ref="U2" pin="34" pinfunction="RXD0/IO3" pintype="bidirectional"/>
      <node ref="U3" pin="3" pinfunction="RXD" pintype="input"/>
    </net>
    <net code="29" name="/S1">
      <node ref="C2" pin="2" pintype="passive"/>
      <node ref="R3" pin="1" pintype="passive"/>
      <node ref="R4" pin="2" pintype="passive"/>
      <node ref="U2" pin="4" pinfunction="SENSOR_VP" pintype="input"/>
    </net>
    <net code="30" name="/S2">
      <node ref="C8" pin="2" pintype="passive"/>
      <node ref="R5" pin="1" pintype="passive"/>
      <node ref="R6" pin="2" pintype="passive"/>
      <node ref="U2" pin="5" pinfunction="SENSOR_VN" pintype="input"/>
    </net>
    <net code="31" name="/S3">
      <node ref="C12" pin="2" pintype="passive"/>
      <node ref="R7" pin="1" pintype="passive"/>
      <node ref="R8" pin="2" pintype="passive"/>
      <node ref="U2" pin="6" pinfunction="IO34" pintype="input"/>
    </net>
    <net code="32" name="/S4">
      <node ref="C13" pin="2" pintype="passive"/>
      <node ref="R10" pin="2" pintype="passive"/>
      <node ref="R9" pin="1" pintype="passive"/>
      <node ref="U2" pin="7" pinfunction="IO35" pintype="input"/>
    </net>
    <net code="33" name="/TXD0">
      <node ref="J7" pin="3" pinfunction="Pin_3" pintype="passive"/>
      <node ref="U2" pin="35" pinfunction="TXD0/IO1" pintype="bidirectional"/>
      <node ref="U3" pin="2" pinfunction="TXD" pintype="output"/>
    </net>
    <net code="34" name="GND">
      <node ref="BZ1" pin="2" pinfunction="+" pintype="passive"/>
      <node ref="C10" pin="2" pintype="passive"/>
      <node ref="C12" pin="1" pintype="passive"/>
      <node ref="C13" pin="1" pintype="passive"/>
      <node ref="C14" pin="2" pintype="passive"/>
      <node ref="C16" pin="2" pintype="passive"/>
      <node ref="C2" pin="1" pintype="passive"/>
      <node ref="C21" pin="1" pintype="passive"/>
      <node ref="C22" pin="1" pintype="passive"/>
      <node ref="C3" pin="2" pintype="passive"/>
      <node ref="C4" pin="2" pintype="passive"/>
      <node ref="C6" pin="1" pintype="passive"/>
      <node ref="C8" pin="1" pintype="passive"/>
      <node ref="C9" pin="2" pintype="passive"/>
      <node ref="J1" pin="2" pintype="passive"/>
      <node ref="J2" pin="16" pinfunction="GND" pintype="input"/>
      <node ref="J2" pin="4" pinfunction="GND" pintype="input"/>
      <node ref="J2" pin="8" pinfunction="GND" pintype="input"/>
      <node ref="J4" pin="1" pinfunction="GND" pintype="input"/>
      <node ref="J5" pin="2" pinfunction="Pin_2" pintype="passive"/>
      <node ref="J6" pin="5" pinfunction="GND" pintype="power_out"/>
      <node ref="J6" pin="6" pinfunction="Shield" pintype="passive"/>
      <node ref="J7" pin="4" pinfunction="Pin_4" pintype="passive"/>
      <node ref="Q1" pin="1" pinfunction="S" pintype="passive"/>
      <node ref="Q1" pin="2" pinfunction="S" pintype="passive"/>
      <node ref="Q1" pin="3" pinfunction="S" pintype="passive"/>
      <node ref="SW1" pin="2" pinfunction="2" pintype="passive"/>
      <node ref="SW2" pin="1" pinfunction="1" pintype="passive"/>
      <node ref="SW3" pin="4" pinfunction="4" pintype="unspecified"/>
      <node ref="SW4" pin="4" pinfunction="4" pintype="unspecified"/>
      <node ref="SW5" pin="4" pinfunction="4" pintype="unspecified"/>
      <node ref="SW6" pin="4" pinfunction="4" pintype="unspecified"/>
      <node ref="U1" pin="1" pinfunction="GND" pintype="power_in"/>
      <node ref="U2" pin="1" pinfunction="GND" pintype="power_in"/>
      <node ref="U2" pin="15" pinfunction="GND" pintype="passive"/>
      <node ref="U2" pin="38" pinfunction="GND" pintype="passive"/>
      <node ref="U2" pin="39" pinfunction="GND" pintype="passive"/>
      <node ref="U3" pin="1" pinfunction="GND" pintype="power_in"/>
    </net>
    <net code="35" name="Net-(BZ1-Pad1)">
      <node ref="BZ1" pin="1" pinfunction="-" pintype="passive"/>
      <node ref="R1" pin="2" pintype="passive"/>
    </net>
    <net code="36" name="Net-(C6-Pad2)">
      <node ref="C6" pin="2" pintype="passive"/>
      <node ref="U3" pin="4" pinfunction="V3" pintype="passive"/>
    </net>
    <net code="37" name="Net-(C16-Pad1)">
      <node ref="C16" pin="1" pintype="passive"/>
      <node ref="J4" pin="5" pinfunction="RES" pintype="input"/>
      <node ref="R2" pin="2" pintype="passive"/>
    </net>
    <net code="38" name="Net-(Q1-Pad4)">
      <node ref="Q1" pin="4" pinfunction="G" pintype="passive"/>
      <node ref="R13" pin="2" pintype="passive"/>
    </net>
    <net code="39" name="Net-(Q1-Pad5)">
      <node ref="Q1" pin="5" pinfunction="D" pintype="passive"/>
      <node ref="Q1" pin="6" pinfunction="D" pintype="passive"/>
      <node ref="Q1" pin="7" pinfunction="D" pintype="passive"/>
      <node ref="Q1" pin="8" pinfunction="D" pintype="passive"/>
      <node ref="Q4" pin="4" pinfunction="G" pintype="passive"/>
      <node ref="R12" pin="2" pintype="passive"/>
    </net>
    <net code="40" name="Net-(Q2-Pad1)">
      <node ref="Q2" pin="1" pintype="input"/>
      <node ref="R21" pin="1" pintype="passive"/>
    </net>
    <net code="41" name="Net-(Q3-Pad1)">
      <node ref="Q3" pin="1" pintype="input"/>
      <node ref="R22" pin="2" pintype="passive"/>
    </net>
    <net code="42" name="Net-(Q4-Pad5)">
      <node ref="J5" pin="1" pinfunction="Pin_1" pintype="passive"/>
      <node ref="Q4" pin="5" pinfunction="D_1" pintype="passive"/>
      <node ref="Q4" pin="6" pinfunction="D_2" pintype="passive"/>
      <node ref="Q4" pin="7" pinfunction="D_3" pintype="passive"/>
      <node ref="Q4" pin="8" pinfunction="D_4" pintype="passive"/>
    </net>
    <net code="43" name="Net-(R3-Pad2)">
      <node ref="R3" pin="2" pintype="passive"/>
      <node ref="SW3" pin="1" pinfunction="1" pintype="unspecified"/>
    </net>
    <net code="44" name="Net-(R5-Pad2)">
      <node ref="R5" pin="2" pintype="passive"/>
      <node ref="SW4" pin="1" pinfunction="1" pintype="unspecified"/>
    </net>
    <net code="45" name="Net-(R7-Pad2)">
      <node ref="R7" pin="2" pintype="passive"/>
      <node ref="SW5" pin="1" pinfunction="1" pintype="unspecified"/>
    </net>
    <net code="46" name="Net-(R9-Pad2)">
      <node ref="R9" pin="2" pintype="passive"/>
      <node ref="SW6" pin="1" pinfunction="1" pintype="unspecified"/>
    </net>
    <net code="47" name="unconnected-(J1-PadMP)">
      <node ref="J1" pin="MP" pinfunction="MountPin" pintype="passive+no_connect"/>
    </net>
    <net code="48" name="unconnected-(J6-Pad4)">
      <node ref="J6" pin="4" pinfunction="ID" pintype="passive+no_connect"/>
    </net>
    <net code="49" name="unconnected-(SW3-Pad2)">
      <node ref="SW3" pin="2" pinfunction="2" pintype="unspecified+no_connect"/>
    </net>
    <net code="50" name="unconnected-(SW3-Pad3)">
      <node ref="SW3" pin="3" pinfunction="3" pintype="unspecified+no_connect"/>
    </net>
    <net code="51" name="unconnected-(SW4-Pad2)">
      <node ref="SW4" pin="2" pinfunction="2" pintype="unspecified+no_connect"/>
    </net>
    <net code="52" name="unconnected-(SW4-Pad3)">
      <node ref="SW4" pin="3" pinfunction="3" pintype="unspecified+no_connect"/>
    </net>
    <net code="53" name="unconnected-(SW5-Pad2)">
      <node ref="SW5" pin="2" pinfunction="2" pintype="unspecified+no_connect"/>
    </net>
    <net code="54" name="unconnected-(SW5-Pad3)">
      <node ref="SW5" pin="3" pinfunction="3" pintype="unspecified+no_connect"/>
    </net>
    <net code="55" name="unconnected-(SW6-Pad2)">
      <node ref="SW6" pin="2" pinfunction="2" pintype="unspecified+no_connect"/>
    </net>
    <net code="56" name="unconnected-(SW6-Pad3)">
      <node ref="SW6" pin="3" pinfunction="3" pintype="unspecified+no_connect"/>
    </net>
    <net code="57" name="unconnected-(U2-Pad17)">
      <node ref="U2" pin="17" pinfunction="SHD/SD2" pintype="bidirectional+no_connect"/>
    </net>
    <net code="58" name="unconnected-(U2-Pad18)">
      <node ref="U2" pin="18" pinfunction="SWP/SD3" pintype="bidirectional+no_connect"/>
    </net>
    <net code="59" name="unconnected-(U2-Pad19)">
      <node ref="U2" pin="19" pinfunction="SCS/CMD" pintype="bidirectional+no_connect"/>
    </net>
    <net code="60" name="unconnected-(U2-Pad20)">
      <node ref="U2" pin="20" pinfunction="SCK/CLK" pintype="bidirectional+no_connect"/>
    </net>
    <net code="61" name="unconnected-(U2-Pad21)">
      <node ref="U2" pin="21" pinfunction="SDO/SD0" pintype="bidirectional+no_connect"/>
    </net>
    <net code="62" name="unconnected-(U2-Pad22)">
      <node ref="U2" pin="22" pinfunction="SDI/SD1" pintype="bidirectional+no_connect"/>
    </net>
    <net code="63" name="unconnected-(U2-Pad32)">
      <node ref="U2" pin="32" pinfunction="NC" pintype="no_connect"/>
    </net>
    <net code="64" name="unconnected-(U3-Pad7)">
      <node ref="U3" pin="7" pinfunction="NC" pintype="no_connect"/>
    </net>
    <net code="65" name="unconnected-(U3-Pad8)">
      <node ref="U3" pin="8" pinfunction="NC" pintype="no_connect"/>
    </net>
    <net code="66" name="unconnected-(U3-Pad9)">
      <node ref="U3" pin="9" pinfunction="~{CTS}" pintype="input+no_connect"/>
    </net>
    <net code="67" name="unconnected-(U3-Pad10)">
      <node ref="U3" pin="10" pinfunction="~{DSR}" pintype="input+no_connect"/>
    </net>
    <net code="68" name="unconnected-(U3-Pad11)">
      <node ref="U3" pin="11" pinfunction="~{RI}" pintype="input+no_connect"/>
    </net>
    <net code="69" name="unconnected-(U3-Pad12)">
      <node ref="U3" pin="12" pinfunction="~{DCD}" pintype="input+no_connect"/>
    </net>
    <net code="70" name="unconnected-(U3-Pad15)">
      <node ref="U3" pin="15" pinfunction="R232" pintype="input+no_connect"/>
    </net>
  </nets>
</export>
